sha1	filename
b8e5b09a306935a47842301ffb4843544a19a975342de814163f5f1c8f5f7bc4	ScoreSaber-1.7.2-oculus.dll
15963ff615e9e82ab596c8aa2ec56502132ef732f4bbf91902162ffc461585fa	ScoreSaber-1.7.2-steam.dll
93ca797438555dbe8cf091e9c5a0bebb19a22c46ab9feb440fa94b11660cd444	ScoreSaber-2.0.4-oculus.dll
85aa2b8171f311014936543139b1ab0bda645dad7d3b67dfbba87c2985d108d3	ScoreSaber-2.0.4-steam.dll
04c9b6deb7c53cba236e0329c0f5f7cba7c62bccca51fa71fde6524cc35ec2ae	ScoreSaber-2.0.9-oculus.dll
a833edb0df2a8277f737618ec23f54cb8b7ec0a4ddf47e9bfcf3f2241a12ffd7	ScoreSaber-2.0.9-steam.dll
6d8f197eee80bb54173c97f6676ce4e5996bd11af61d90d0da1be7660d65aedb	ScoreSaber-2.1.0-oculus.dll
febd6434d56c8e4a46144cbad0120d3f6d76a18a5eebff183ad1b6f520f70ede	ScoreSaber-2.1.0-steam.dll
bd8e98674c6ac9cf7d031720a11fdea9349fa32fb60998209ae0bf5fe62e3308	ScoreSaber-2.1.1-oculus.dll
17ecf995312c2316b5e2763df7cda8b94d92a2581514eee65659a825a0f7e0c1	ScoreSaber-2.1.1-steam.dll
1b89cfa217039e0abe9f8c15b8c630a191269848362cff164a877c2dc62ae042	ScoreSaber-2.1.2-steam.dll
8b1ff1777fdb1c104414a4ad53321233c3b658dec11e26db3bbaa21104df16df	ScoreSaber-2.1.2-oculus.dll
8d088e28428fd0c3909fb5dc7736fcd634913b1a3af252ccec93a8d0f68622a0	ScoreSaber-2.1.3-steam.dll
bee8d0f79c700ba7c14f7d722d6a31744aa29f89494c2237597b5e69f6d3ae85	ScoreSaber-2.1.3-oculus.dll
cb8d31e65a0547eb56b826d989f8e17bb28c5860d26bcf12d368ddd54382bb67	ScoreSaber-2.1.4-steam.dll
00870ff76b4609a59382142a3a0b9d0cd2ca42cc8614d6f2de9d3c3745b28d6a	ScoreSaber-2.1.4-oculus.dll
d3cdf3cef193ff3a6f1cb1f159762697ca939fbf2c1297e7fb373ef633cabd4f	ScoreSaber-2.1.5-steam.dll
456f9cbe568072078183345b8769280df2babbea8f42683498ef2f0f850ba98a	ScoreSaber-2.1.5-oculus.dll
1362e7eac5b1307185c8d9012eb03fceccec244a4b170de3449a8edbfd4265a1	ScoreSaber-2.1.6-steam.dll
532eeabf9ca1bc8eba78ba4e888bc5cc72418f48e7b899cc21681145e06feed4	ScoreSaber-2.1.6-oculus.dll
eaf6420201b2d08c12a71e0d9d75e4f30f464ea3f0e6c5643fc52da8bf415c24	ScoreSaber-2.1.7-steam.dll
c0d8aa69aa1cfbcfe5c7505d858b6670caf1abe180cd0dadb11ebf207cd77ddd	ScoreSaber-2.1.7-oculus.dll
0f4c8c58655b5e07f53d941f5236f8248c9dae0d5a2aa18ac26be02df3526feb	ScoreSaber-2.1.8-steam.dll
fe84a8adcdbef05503abb52c244240fc87b78e6899df1cde8fd8b3c8c5d5df32	ScoreSaber-2.1.8-oculus.dll
a189cd80dad80bb81935108a05ecdf6c05c5a9e5271f97df771cdaa4925edbaf	ScoreSaber-2.1.9_1-steam.dll
b61ebe68263b005b748cc92aaef503aa9340104edc2572151e9e4b6d37d35206	ScoreSaber-2.1.9_1-oculus.dll
723687bedbd8d19a9ea15ac251eec4f57a945327d360fd251a3f72692c78a569	ScoreSaber-2.1.9_2-steam.dll
bd61e93a53eaf3b3db2cbad98a95627680511fd8bd55fade2616ab36650d53c7	ScoreSaber-2.1.9_2-oculus.dll
9f85c3d4c55c961ee1e200881488d7647d6d3d5a80ff0068903ac1e00b9dd3d7	ScoreSaber-2.2.0-steam.dll
cbd4278480dc7d41dce7f0592cb61ad5d2123858eb9bcc1bec27f899d6fbb835	ScoreSaber-2.2.0-oculus.dll
1491a60db73ec2dfbaacb68648f6016eb30dde44cb68e25ee7d4a13c6a0067ff	ScoreSaber-2.2.1.dll
80e4492e78a8d642215273bd7666284115cff7080c621885824f279b48108955	ScoreSaber-2.2.2.dll
0f26e33cf6c6813a71ecb4464d82eb39d2dced056c1d0ff0d7fa1911e6a928ac	ScoreSaber-2.2.3.dll
648ae39645c271fe24ecb644edb122930da40a4b54a865c313e99752a577b101	ScoreSaber-2.2.4.dll
c4f2ae57cf91dbed7dde68f40ff7eefb9d4eaf5752d007bd85fc440b59a13677	ScoreSaber-2.2.5.dll
fb90d41fe3b7ddc22be65de835d5daed32ad618202c46fbe9afbf53c67c328da	ScoreSaber-2.2.6.dll
92c37afdc6b069bd9a0b10d011594a876c627fab86be53ed2a3d12e02a3f2c63	ScoreSaber-2.2.7.dll
0d412f31684c016cff9739d1867ab6065f0d0cb32d4d5a2bfdd12d4f81a229a7	ScoreSaber-2.2.8.dll
0abafc190c2bf94e71b9ff74460d15ec48f14da35843dae000d33cde5d898d5c	ScoreSaber-2.2.9.dll
e5dff218bc27f1f1b5769ea2ac7131805cd7d346d5da0abf0890b606f3db549e	ScoreSaber-2.3.0.dll
0160a0967113edd94ad4020a6f1f09b6119ba232ad075b430a24bcb0b1d5c07e	ScoreSaber-2.3.1.dll
010ad2562c12530e951bc51f7d948e034a7ec35293ff45bc3fc1137a980a8c47	ScoreSaber-2.3.2.dll
f38d5d26e20c92aa8215229a8f3d1728cdbe1ac56884abc155690deaf5d8163b	ScoreSaber-2.3.4.dll
7f9f78894553bc1f5f58991f162832ef450c2acb6f54fd2c912e7fa9a87e9444	ScoreSaber-2.3.5.dll
0ae2ea10ef59c5a585d1cc37a28a6dfb9d9d194c6b186168990dec8b5ee9fc86	ScoreSaber-2.3.6.dll
5c417e0957068de368c47f9ee77bbd4e392bdc0613c0fd2d2861a06e824c0be1	ScoreSaber-3.0.0.dll
d904d67531071c464a9375bf0d435a957aea8f20160ab2cf1086139cf11f676e	ScoreSaber-3.0.1.dll
e514dd0e7e8f225cb1036af90c1de684889bb9f12b4023ab859f332f46fdeaa4	ScoreSaber-3.0.2.dll
a2b016a2f82afe726973d57567101910bb7cafda7358718cd70de22c65a65a32	ScoreSaber-3.0.3.dll
044ad7510ec660a75ee9448363dbfc1c283c9bcba600420b7fda83339bae3f85	ScoreSaber-3.1.0.dll
b424c7c90646f92a7269dbba834d6511d10affd54cf2c95344c1b78f151fd5b2	ScoreSaber-3.1.1.dll
761d1ec73b645abfcdd3ebc65a5d4f40fd8aaecc111a0c89fe533db4f138c2a8	ScoreSaber-3.1.2.dll
a1997a5636dacd8323540f3e304b7c5899fa5a18d46066c53c7a522400d19716	ScoreSaber-3.1.4.dll
ff9cefa2266d25e8b4b20d53edee7eff7d197957101e8614c7064f50ea8ca13d	ScoreSaber-3.1.5.dll
08bd46b4d23b6d91b75c1797e4898202aa1338e4150c1ccc79c8d188cf2c96d4	ScoreSaber-3.1.6.dll
457fa1df094e1e3264bb24a34153e7edfe148eac1fe196ebae800fe570c32e48	ScoreSaber-3.1.7.dll
c1c50a1e86f4c931825eb8e8f810069ac45bf64ae3e5d108d2e38ac2214f6c12	ScoreSaber-3.1.8.dll
5fee7aa6eb512971981640e2c84beadf649e72d2c6086b4a07a60660005e0410	ScoreSaber-3.1.9.dll
ed2216bbd725628f761d56fcadd824023e3156fd699933029e78bea1cc22ce64	ScoreSaber-3.1.10.dll
9950afa64bd25fe793b6a22776ecd255c68490090c9f944a0a38e90556aec57e	ScoreSaber-3.1.11.dll
30523c3ecf72f738ef40e694b0be2a4dddda6bab00e106cfdefbf3dc6eb54d6e	ScoreSaber-3.2.0.dll
1815b43b2df55fb34c61b320bf43a6283245807e511fbb9f42654a98254b552c	ScoreSaber-3.2.1.dll
3d29bd7c8f2587dc8a2b55879f7e5e5a456e84e7289c6ca26ffc91bf0da7d2c1	ScoreSaber-3.2.2.dll
dfad292a0f1680a6e7c90bf0a17d752188013a7292098ad921d6551f21584c21	ScoreSaber-3.2.3.dll
0eacc99eb107e4d9cb2e7e25a02463466b4caf758bdadb0a4a74a516c633d59f	ScoreSaber-3.2.4.dll
4bde025c82b9bc79c37bf2b2b8c516a035fa28b58f0c33a027313ec2757f6e4d	ScoreSaber-3.2.5.dll
bea09e016a5560af38ed9b6d3d01449fad885ca787a24effcb0ad5a025a34796	ScoreSaber-3.2.6.dll
17b768ab9435d5bd5d4f7f2b81113817bbc8b9aed57917d5e072996e781e3c95	ScoreSaber-3.2.7.dll
cfb52d7599008cfe8bc7463d92ad989da592b695e746a097dc30d169f1de89e4	ScoreSaber-3.2.8.dll
b5b4942aa51a54efb7c4b46b1953c86606af6cad65ead80e84743dfced7866d1	ScoreSaber-3.2.9.dll
54a33b4f25ede92fc02dfdddaa8b9aa92941c6211309c5ce475f986ea85b26ce	ScoreSaber-3.2.10.dll
0c60edf19bfb076d3fef98dd9e07d077a86bd1db3ba12b2643d52e0c6fc8021b	ScoreSaber-3.2.11.dll
